{
  "version": 1,
  "author": "Anonymous maker",
  "editor": "wokwi",
  "parts": [
    { "type": "wokwi-arduino-uno", "id": "uno", "top": -18.6, "left": -29.4, "attrs": {} },
    { "type": "wokwi-led", "id": "led1", "top": -138, "left": 23, "attrs": { "color": "red" } },
    {
      "type": "wokwi-resistor",
      "id": "r1",
      "top": -82.45,
      "left": 67.2,
      "attrs": { "value": "1000" }
    }
  ],
  "connections": [
    [ "led1:C", "uno:GND.2", "green", [ "v38.4", "h-134", "v278.4", "h220.8" ] ],
    [ "led1:A", "r1:1", "green", [ "v0" ] ],
    [ "r1:2", "uno:7", "green", [ "v0", "h37.2" ] ]
  ],
  "dependencies": {}
}