{
  "version": 1,
  "author": "Anonymous maker",
  "editor": "wokwi",
  "parts": [
    { "type": "wokwi-arduino-uno", "id": "uno", "top": 0, "left": 0, "attrs": {} },
    { "type": "wokwi-led", "id": "led1", "top": -99.6, "left": 23, "attrs": { "color": "red" } },
    {
      "type": "wokwi-pushbutton",
      "id": "btn1",
      "top": -70.6,
      "left": 211.2,
      "attrs": { "color": "green" }
    },
    {
      "type": "wokwi-resistor",
      "id": "r1",
      "top": -63.25,
      "left": 307.2,
      "attrs": { "value": "1000" }
    }
  ],
  "connections": [
    [ "led1:C", "uno:GND.2", "green", [ "v0", "h-47.6", "v288", "h163.2" ] ],
    [ "led1:A", "uno:8", "green", [ "v0", "h115.2" ] ],
    [ "btn1:1.l", "uno:7", "green", [ "h-48" ] ],
    [ "btn1:2.r", "uno:5V", "green", [ "h19.4", "v259.4", "h-144" ] ],
    [ "btn1:1.r", "r1:1", "green", [ "v0" ] ],
    [ "r1:2", "uno:GND.2", "green", [ "v288", "h-193.2" ] ]
  ],
  "serialMonitor": {"display": "terminal", "newline": "lf"},
  "dependencies": {}
  
}