{
  "version": 1,
  "author": "Anonymous maker",
  "editor": "wokwi",
  "parts": [
    { "type": "wokwi-arduino-uno", "id": "uno", "top": 0, "left": 0, "attrs": {} },
    { "type": "wokwi-rgb-led", "id": "rgb1", "top": -130.4, "left": 58.7, "attrs": {} }
  ],
  "connections": [
    [ "rgb1:R", "uno:9", "green", [ "v67.2", "h86.4" ] ],
    [ "rgb1:G", "uno:10", "green", [ "v57.6", "h68.5" ] ],
    [ "rgb1:B", "uno:11", "green", [ "v76.8", "h40" ] ],
    [ "rgb1:COM", "uno:5V", "green", [ "v28.4", "h-105.5", "v259.2", "h201.6" ] ]
  ],
  "serialMonitor": { "display": "terminal", "newline": "lf" },
  "dependencies": {}
}