{
  "version": 1,
  "author": "Anonymous maker",
  "editor": "wokwi",
  "parts": [
    { "type": "wokwi-arduino-uno", "id": "uno", "top": 0, "left": 0, "attrs": {} },
    { "type": "wokwi-led", "id": "led1", "top": -118.8, "left": 167, "attrs": { "color": "red" } },
    {
      "type": "wokwi-led",
      "id": "led2",
      "top": -118.8,
      "left": 109.4,
      "attrs": { "color": "yellow" }
    },
    {
      "type": "wokwi-led",
      "id": "led3",
      "top": -118.8,
      "left": 51.8,
      "attrs": { "color": "limegreen" }
    }
  ],
  "connections": [
    [ "led1:A", "uno:11", "green", [ "v0" ] ],
    [ "led2:A", "uno:10", "green", [ "v0" ] ],
    [ "led3:A", "uno:9", "green", [ "v0" ] ],
    [ "led3:C", "uno:GND.2", "green", [ "v0" ] ],
    [ "led2:C", "uno:GND.2", "green", [ "v0" ] ],
    [ "led1:C", "uno:GND.2", "green", [ "v0" ] ]
  ],
  "dependencies": {}
}