{
  "version": 1,
  "author": "Anonymous maker",
  "editor": "wokwi",
  "parts": [
    { "type": "wokwi-arduino-uno", "id": "uno", "top": 0, "left": 0, "attrs": {} },
    { "type": "wokwi-potentiometer", "id": "pot1", "top": -126.1, "left": 86.2, "attrs": {} }
  ],
  "connections": [
    [ "uno:GND.2", "pot1:GND", "black", [ "v19.7", "h-188.7", "v-268.8", "h105.6" ] ],
    [ "pot1:SIG", "uno:A0", "green", [ "v28.8", "h172.4", "v249.6", "h-9.6" ] ],
    [ "pot1:VCC", "uno:5V", "red", [ "v9.6", "h181.6", "v278.4", "h-163.2" ] ]
  ],
  "dependencies": {}
}