{
  "version": 1,
  "author": "Sree leka Mohanraj",
  "editor": "wokwi",
  "parts": [
    { "type": "wokwi-arduino-uno", "id": "uno", "top": 0.6, "left": -10.2, "attrs": {} },
    { "type": "wokwi-led", "id": "led1", "top": -70.8, "left": 61.4, "attrs": { "color": "red" } },
    {
      "type": "wokwi-led",
      "id": "led2",
      "top": -80.4,
      "left": 157.4,
      "attrs": { "color": "red" }
    },
    {
      "type": "wokwi-led",
      "id": "led3",
      "top": -80.4,
      "left": 109.4,
      "attrs": { "color": "red" }
    },
    { "type": "wokwi-led", "id": "led4", "top": -99.6, "left": 3.8, "attrs": { "color": "red" } }
  ],
  "connections": [
    [ "led1:C", "uno:GND.2", "green", [ "v0", "h-95.6", "v240", "h172.8" ] ],
    [ "uno:4", "led2:A", "green", [ "v0" ] ],
    [ "led3:A", "uno:5", "green", [ "v0" ] ],
    [ "led4:A", "uno:6", "green", [ "v0" ] ],
    [ "led2:C", "uno:GND.2", "green", [ "v0" ] ],
    [ "led3:C", "uno:GND.2", "green", [ "v0" ] ],
    [ "led4:C", "uno:GND.2", "green", [ "v0" ] ],
    [ "uno:7", "led1:A", "green", [ "v0" ] ]
  ],
  "dependencies": {}
}