{
  "version": 1,
  "author": "Anonymous maker",
  "editor": "wokwi",
  "parts": [
    { "type": "wokwi-arduino-uno", "id": "uno", "top": 0, "left": 0, "attrs": {} },
    { "type": "wokwi-potentiometer", "id": "pot1", "top": -116.5, "left": 86.2, "attrs": {} },
    {
      "type": "wokwi-pushbutton",
      "id": "btn1",
      "top": -118.6,
      "left": -76.8,
      "attrs": { "color": "green" }
    },
    {
      "type": "wokwi-led",
      "id": "led1",
      "top": -176.4,
      "left": 301.4,
      "attrs": { "color": "red" }
    },
    {
      "type": "wokwi-resistor",
      "id": "r1",
      "top": -111.25,
      "left": -124.8,
      "attrs": { "value": "1000" }
    },
    {
      "type": "wokwi-resistor",
      "id": "r2",
      "top": -149.65,
      "left": 441.6,
      "attrs": { "value": "1000" }
    }
  ],
  "connections": [
    [ "led1:A", "r2:1", "green", [ "v0" ] ],
    [ "uno:GND.2", "r1:1", "black", [ "v38.9", "h-15.9" ] ],
    [ "uno:5V", "btn1:2.l", "red", [ "v29.3", "h-236.8", "v-28.8" ] ],
    [ "uno:GND.2", "led1:C", "black", [ "v29.3", "h147.3" ] ],
    [ "r2:2", "uno:9", "green", [ "v124.8", "h-337.2" ] ],
    [ "btn1:1.r", "uno:7", "green", [ "v96", "h201.8" ] ],
    [ "uno:GND.2", "pot1:GND", "black", [ "v10.1", "h-198.3", "v-230.4", "h144" ] ],
    [ "uno:A0", "pot1:SIG", "green", [ "v19.7", "h89.6", "v-240", "h-172.8" ] ],
    [ "pot1:VCC", "uno:5V", "red", [ "v9.6", "h191.2", "v278.4", "h-172.8" ] ]
  ],
  "dependencies": {}
}