{
  "version": 1,
  "author": "Anonymous maker",
  "editor": "wokwi",
  "parts": [
    { "type": "wokwi-arduino-uno", "id": "uno", "top": 0, "left": 0, "attrs": {} },
    {
      "type": "wokwi-led",
      "id": "led1",
      "top": -205.2,
      "left": 61.4,
      "attrs": { "color": "magenta" }
    },
    {
      "type": "wokwi-led",
      "id": "led2",
      "top": -186,
      "left": 176.6,
      "attrs": { "color": "magenta" }
    },
    {
      "type": "wokwi-led",
      "id": "led3",
      "top": -138,
      "left": 224.6,
      "attrs": { "color": "magenta" }
    },
    {
      "type": "wokwi-led",
      "id": "led4",
      "top": -214.8,
      "left": 128.6,
      "attrs": { "color": "magenta" }
    }
  ],
  "connections": [
    [ "led1:A", "uno:7", "green", [ "v0" ] ],
    [ "led4:A", "uno:6", "green", [ "v0" ] ],
    [ "led3:A", "uno:5", "green", [ "v0" ] ],
    [ "led2:A", "uno:4", "green", [ "v0" ] ],
    [ "led1:C", "uno:GND.2", "green", [ "v0" ] ],
    [ "led4:C", "uno:GND.2", "green", [ "v0" ] ],
    [ "led2:C", "uno:GND.2", "green", [ "v0" ] ],
    [ "led3:C", "uno:GND.2", "green", [ "v0" ] ]
  ],
  "dependencies": {}
}