{
  "version": 1,
  "author": "Anonymous maker",
  "editor": "wokwi",
  "parts": [
    { "type": "wokwi-arduino-uno", "id": "uno", "top": 0, "left": 0, "attrs": {} },
    { "type": "wokwi-rgb-led", "id": "rgb1", "top": -159.2, "left": 125.9, "attrs": {} }
  ],
  "connections": [
    [ "rgb1:COM", "uno:GND.2", "green", [ "v28.4", "h-163.1", "v268.8", "h192" ] ],
    [ "rgb1:R", "uno:9", "green", [ "v57.6", "h28.8" ] ],
    [ "rgb1:G", "uno:10", "green", [ "v38.4", "h-8.3", "v9.6" ] ],
    [ "rgb1:B", "uno:11", "green", [ "v48", "h-27.2", "v9.6" ] ]
  ],
  "dependencies": {}
}